{
  "urls": [
    "src/audio/sprite/sfx.m4a",
    "src/audio/sprite/sfx.ogg"
  ],
  "sprite": {
    "air_horn": [
      0,
      2768.9795918367345
    ],
    "banana_peel_slip": [
      5000,
      517.8004535147389
    ],
    "fruit_collected": [
      8000,
      1018.1179138321994
    ],
    "meow_cat": [
      12000,
      1251.7233560090694
    ],
    "meow_kitten": [
      16000,
      5000
    ],
    "ship_bell": [
      23000,
      3745.6689342403633
    ],
    "slurp": [
      29000,
      2914.195011337867
    ],
    "slurping_2": [
      34000,
      1212.2902494331101
    ],
    "straw_slurp": [
      38000,
      10193.560090702946
    ],
    "tomcat": [
      51000,
      1978.979591836733
    ]
  }
}